ds,revenue,orders,aov,payment_fail_rate,injected_label
2016-09-04,0.0,0.0,,1.0,
2016-09-05,0.0,0.0,,1.0,
2016-09-15,143.46,1.0,143.46,0.0,
2016-10-02,0.0,0.0,,1.0,
2016-10-03,559.53,7.0,79.93285714285715,0.125,
2016-10-04,10503.939999999999,54.0,194.51740740740738,0.1,
2016-10-05,7423.12,35.0,212.08914285714286,0.16666666666666666,
2016-10-06,6798.899999999999,41.0,165.82682926829264,0.16326530612244897,
2016-10-07,7240.140000000001,38.0,190.53000000000003,0.15555555555555556,
2016-10-08,8610.839999999998,36.0,239.18999999999994,0.1,
2016-10-09,3010.86,20.0,150.543,0.23076923076923078,
2016-10-10,3985.9700000000007,34.0,117.2344117647059,0.08108108108108109,
2016-12-23,19.62,1.0,19.62,0.0,
2017-01-05,707.27,32.0,22.1021875,0.0,
2017-01-06,3655.12,4.0,913.78,0.0,
2017-01-07,1447.99,4.0,361.9975,0.0,
2017-01-08,507.85,4.0,126.9625,0.3333333333333333,
2017-01-09,774.5100000000001,5.0,154.90200000000002,0.0,
2017-01-10,1571.17,6.0,261.8616666666667,0.0,
2017-01-11,2098.78,10.0,209.87800000000001,0.16666666666666666,
2017-01-12,1720.3500000000001,12.0,143.3625,0.07692307692307693,
2017-01-13,2712.86,10.0,271.286,0.09090909090909091,
2017-01-14,1153.29,16.0,72.080625,0.1111111111111111,
2017-01-15,2551.34,14.0,182.23857142857145,0.0,
2017-01-16,3664.54,18.0,203.58555555555554,0.05263157894736842,
2017-01-17,4926.669999999999,32.0,153.95843749999997,0.0,
2017-01-18,3936.86,30.0,131.22866666666667,0.09090909090909091,
2017-01-19,4140.16,29.0,142.76413793103447,0.0,
2017-01-20,4656.049999999999,28.0,166.28749999999997,0.0,
2017-01-21,2897.8699999999994,22.0,131.7213636363636,0.08333333333333333,
2017-01-22,4141.870000000001,30.0,138.06233333333336,0.0,
2017-01-23,7972.570000000002,36.0,221.46027777777783,0.07692307692307693,
2017-01-24,6006.770000000001,38.0,158.07289473684213,0.05,
2017-01-25,8689.68,57.0,152.4505263157895,0.08064516129032258,
2017-01-26,15262.970000000005,82.0,186.13378048780493,0.03529411764705882,
2017-01-27,12995.480000000001,59.0,220.26237288135596,0.03278688524590164,
2017-01-28,8042.509999999998,28.0,287.23249999999996,0.034482758620689655,
2017-01-29,6593.759999999995,32.0,206.05499999999984,0.08571428571428572,
2017-01-30,11588.04999999999,48.0,241.41770833333314,0.058823529411764705,
2017-01-31,12333.07999999999,64.0,192.70437499999986,0.04477611940298507,
2017-02-01,9160.63,61.0,150.17426229508195,0.08955223880597014,
2017-02-02,10334.070000000003,67.0,154.2398507462687,0.014705882352941176,
2017-02-03,11138.660000000002,54.0,206.27148148148152,0.05263157894736842,
2017-02-04,16753.959999999995,64.0,261.78062499999993,0.030303030303030304,
2017-02-05,10126.659999999998,74.0,136.84675675675672,0.013333333333333334,
2017-02-06,10933.000000000007,78.0,140.16666666666677,0.037037037037037035,
2017-02-07,17419.63000000001,108.0,161.29287037037045,0.02702702702702703,
2017-02-08,14556.68,83.0,175.38168674698795,0.07777777777777778,
2017-02-09,11340.780000000006,73.0,155.3531506849316,0.05194805194805195,
2017-02-10,14876.07,63.0,236.12809523809523,0.045454545454545456,
2017-02-11,5233.15,45.0,116.29222222222221,0.0,
2017-02-12,16662.600000000006,61.0,273.1573770491804,0.031746031746031744,
2017-02-13,12516.970000000007,74.0,169.14824324324334,0.02631578947368421,
2017-02-14,12846.089999999998,66.0,194.63772727272726,0.07042253521126761,
2017-02-15,8053.810000000001,56.0,143.81803571428574,0.06666666666666667,
2017-02-16,6993.039999999998,49.0,142.71510204081628,0.057692307692307696,
2017-02-17,8320.44,45.0,184.89866666666668,0.0,
2017-02-18,8881.480000000003,52.0,170.79769230769236,0.0,
2017-02-19,4906.700000000001,37.0,132.61351351351354,0.075,
2017-02-20,8406.699999999997,59.0,142.48644067796604,0.06349206349206349,
2017-02-21,9054.43,39.0,232.1648717948718,0.04878048780487805,
2017-02-22,7091.289999999999,53.0,133.79792452830188,0.13114754098360656,
2017-02-23,8252.53,57.0,144.78122807017544,0.03389830508474576,
2017-02-24,10453.240000000002,60.0,174.2206666666667,0.03225806451612903,
2017-02-25,4398.610000000001,39.0,112.7848717948718,0.07142857142857142,
2017-02-26,6261.980000000002,42.0,149.09476190476195,0.06666666666666667,
2017-02-27,8294.890000000003,41.0,202.31439024390252,0.046511627906976744,
2017-02-28,11992.410000000002,53.0,226.27188679245288,0.03636363636363636,
2017-03-01,15385.509999999998,93.0,165.43559139784944,0.021052631578947368,
2017-03-02,12896.220000000008,66.0,195.39727272727285,0.029411764705882353,
2017-03-03,14010.32,72.0,194.58777777777777,0.0,
2017-03-04,10469.839999999997,69.0,151.73681159420283,0.1038961038961039,
2017-03-05,8841.780000000002,67.0,131.96686567164184,0.06944444444444445,
2017-03-06,11168.160000000003,94.0,118.81021276595749,0.050505050505050504,
2017-03-07,13501.400000000007,78.0,173.0948717948719,0.037037037037037035,
2017-03-08,15605.390000000007,73.0,213.77246575342474,0.0641025641025641,
2017-03-09,18300.320000000018,88.0,207.95818181818203,0.043478260869565216,
2017-03-10,14479.749999999998,84.0,172.37797619047618,0.045454545454545456,
2017-03-11,13528.420000000011,68.0,198.94735294117663,0.04225352112676056,
2017-03-12,7816.640000000001,63.0,124.07365079365081,0.015625,
2017-03-13,19650.250000000007,104.0,188.9447115384616,0.06306306306306306,
2017-03-14,16954.44,95.0,178.4677894736842,0.04040404040404041,
2017-03-15,18156.15000000001,101.0,179.7638613861387,0.056074766355140186,
2017-03-16,16463.94,100.0,164.6394,0.02912621359223301,
2017-03-17,14626.309999999996,64.0,228.53609374999994,0.015384615384615385,
2017-03-18,23015.25,71.0,324.15845070422534,0.0273972602739726,
2017-03-19,7879.819999999997,56.0,140.7110714285714,0.0,
2017-03-20,19453.629999999997,113.0,172.156017699115,0.02586206896551724,
2017-03-21,13533.010000000004,92.0,147.09793478260875,0.010752688172043012,
2017-03-22,16921.410000000007,104.0,162.70586538461546,0.009523809523809525,
2017-03-23,18720.680000000008,105.0,178.29219047619054,0.05405405405405406,
2017-03-24,11585.260000000002,75.0,154.47013333333337,0.025974025974025976,
2017-03-25,11129.810000000009,72.0,154.58069444444456,0.04,
2017-03-26,8005.560000000001,63.0,127.07238095238097,0.015625,
2017-03-27,18867.520000000004,107.0,176.33196261682247,0.01834862385321101,
2017-03-28,13982.449999999993,96.0,145.65052083333327,0.058823529411764705,
2017-03-29,9662.029999999999,72.0,134.1948611111111,0.02702702702702703,
2017-03-30,11647.230000000001,72.0,161.76708333333335,0.02702702702702703,
2017-03-31,13806.15,69.0,200.0891304347826,0.014285714285714285,
2017-04-01,19519.119999999995,66.0,295.7442424242424,0.014925373134328358,
2017-04-02,10658.869999999995,64.0,166.54484374999993,0.015384615384615385,
2017-04-03,11130.210000000006,68.0,163.6795588235295,0.05555555555555555,
2017-04-04,15696.640000000005,96.0,163.50666666666672,0.0,
2017-04-05,21381.920000000006,93.0,229.91311827956994,0.03125,
2017-04-06,21747.170000000002,92.0,236.38228260869568,0.031578947368421054,
2017-04-07,16155.970000000001,82.0,197.0240243902439,0.03529411764705882,
2017-04-08,11135.879999999997,64.0,173.99812499999996,0.030303030303030304,
2017-04-09,9077.650000000001,68.0,133.4948529411765,0.0684931506849315,
2017-04-10,13049.660000000005,84.0,155.3530952380953,0.034482758620689655,
2017-04-11,9866.450000000003,73.0,135.15684931506854,0.05194805194805195,
2017-04-12,9000.650000000003,61.0,147.55163934426236,0.031746031746031744,
2017-04-13,11258.97,60.0,187.6495,0.0,
2017-04-14,7950.880000000002,47.0,169.16765957446813,0.11320754716981132,
2017-04-15,9328.019999999997,49.0,190.36775510204075,0.057692307692307696,
2017-04-16,6151.109999999998,47.0,130.87468085106377,0.04081632653061224,
2017-04-17,8773.210000000001,58.0,151.26224137931035,0.1076923076923077,
2017-04-18,28582.199999999986,71.0,402.5661971830984,0.0,
2017-04-19,13873.540000000005,93.0,149.17784946236563,0.041237113402061855,
2017-04-20,15811.51,91.0,173.75285714285715,0.052083333333333336,
2017-04-21,11503.480000000001,66.0,174.29515151515153,0.029411764705882353,
2017-04-22,15203.390000000007,82.0,185.4071951219513,0.012048192771084338,
2017-04-23,11834.919999999998,84.0,140.89190476190475,0.023255813953488372,
2017-04-24,16969.729999999996,110.0,154.2702727272727,0.043478260869565216,
2017-04-25,16371.640000000003,106.0,154.44943396226418,0.04504504504504504,
2017-04-26,18669.61,122.0,153.02959016393444,0.024,
2017-04-27,11678.9,75.0,155.71866666666665,0.05063291139240506,
2017-04-28,18571.709999999995,95.0,195.49168421052627,0.030612244897959183,
2017-04-29,13452.590000000004,70.0,192.1798571428572,0.0410958904109589,
2017-04-30,9449.809999999996,66.0,143.17893939393934,0.029411764705882353,
2017-05-01,14876.850000000002,111.0,134.0256756756757,0.04310344827586207,
2017-05-02,21619.849999999984,122.0,177.2118852459015,0.024,
2017-05-03,13127.44,101.0,129.97465346534653,0.00980392156862745,
2017-05-04,15778.17000000001,107.0,147.45953271028046,0.009259259259259259,
2017-05-05,17193.650000000016,104.0,165.32355769230784,0.05454545454545454,
2017-05-06,17991.160000000003,103.0,174.67145631067964,0.037383177570093455,
2017-05-07,18902.609999999997,102.0,185.3197058823529,0.06422018348623854,
2017-05-08,18929.090000000004,120.0,157.74241666666668,0.01639344262295082,
2017-05-09,23892.31999999999,120.0,199.10266666666658,0.04,
2017-05-10,23399.739999999998,109.0,214.67651376146787,0.05217391304347826,
2017-05-11,22162.61999999998,124.0,178.73080645161275,0.015873015873015872,
2017-05-12,16019.169999999996,105.0,152.5635238095238,0.07079646017699115,
2017-05-13,10081.33,67.0,150.4676119402985,0.0821917808219178,
2017-05-14,17927.050000000003,108.0,165.99120370370372,0.03571428571428571,
2017-05-15,24268.09999999999,149.0,162.87315436241605,0.032467532467532464,
2017-05-16,25594.009999999987,149.0,171.7718791946308,0.013245033112582781,
2017-05-17,24512.059999999983,139.0,176.34575539568334,0.014184397163120567,
2017-05-18,21169.829999999998,124.0,170.72443548387096,0.008,
2017-05-19,22274.86,140.0,159.10614285714286,0.027777777777777776,
2017-05-20,13596.850000000008,70.0,194.2407142857144,0.027777777777777776,
2017-05-21,20493.02999999998,145.0,141.3312413793102,0.02027027027027027,
2017-05-22,28521.370000000028,145.0,196.69910344827605,0.02027027027027027,
2017-05-23,20487.190000000002,120.0,170.72658333333337,0.04,
2017-05-24,27392.590000000004,140.0,195.66135714285716,0.0070921985815602835,
2017-05-25,19641.230000000003,103.0,190.6915533980583,0.01904761904761905,
2017-05-26,12494.080000000007,77.0,162.2607792207793,0.01282051282051282,
2017-05-27,15672.970000000003,77.0,203.54506493506497,0.04938271604938271,
2017-05-28,11859.730000000014,98.0,121.01765306122464,0.0,
2017-05-29,31547.329999999973,151.0,208.9227152317879,0.04430379746835443,
2017-05-30,16944.93,98.0,172.90744897959183,0.0392156862745098,
2017-05-31,22181.80999999999,118.0,187.98144067796602,0.06349206349206349,
2017-06-01,22982.599999999984,123.0,186.85040650406492,0.008064516129032258,
2017-06-02,24292.54,123.0,197.50032520325203,0.023809523809523808,
2017-06-03,12594.550000000007,88.0,143.11988636363643,0.011235955056179775,
2017-06-04,16026.599999999997,99.0,161.88484848484845,0.019801980198019802,
2017-06-05,26857.329999999998,142.0,189.13612676056337,0.0273972602739726,
2017-06-06,16205.410000000007,128.0,126.60476562500006,0.03759398496240601,
2017-06-07,17539.57,122.0,143.76696721311475,0.016129032258064516,
2017-06-08,22630.329999999998,134.0,168.88305970149253,0.021897810218978103,
2017-06-09,19368.529999999995,105.0,184.46219047619044,0.009433962264150943,
2017-06-10,9804.339999999998,72.0,136.17138888888886,0.05263157894736842,
2017-06-11,20093.969999999983,111.0,181.0267567567566,0.017699115044247787,
2017-06-12,17476.709999999995,121.0,144.4356198347107,0.032,
2017-06-13,16872.070000000007,121.0,139.43859504132237,0.032,
2017-06-14,23297.769999999997,128.0,182.01382812499997,0.015384615384615385,
2017-06-15,14398.950000000012,103.0,139.79563106796127,0.037383177570093455,
2017-06-16,15251.470000000008,94.0,162.2496808510639,0.030927835051546393,
2017-06-17,13995.220000000001,72.0,194.37805555555556,0.02702702702702703,
2017-06-18,17973.040000000015,87.0,206.58666666666684,0.03333333333333333,
2017-06-19,26146.129999999983,152.0,172.01401315789462,0.02564102564102564,
2017-06-20,14214.060000000012,90.0,157.93400000000014,0.021739130434782608,
2017-06-21,7305.959999999999,34.0,214.8811764705882,0.02857142857142857,
2017-06-22,10159.549999999996,83.0,122.40421686746983,0.056818181818181816,
2017-06-23,15109.560000000009,103.0,146.69475728155348,0.037383177570093455,
2017-06-24,9943.649999999998,74.0,134.3736486486486,0.02631578947368421,
2017-06-25,20459.599999999995,99.0,206.66262626262622,0.05714285714285714,
2017-06-26,14749.970000000005,67.0,220.1488059701493,0.06944444444444445,
2017-06-27,20026.109999999997,140.0,143.04364285714283,0.0,
2017-06-28,17216.52,117.0,147.1497435897436,0.025,
2017-06-29,14966.580000000009,110.0,136.05981818181826,0.0,
2017-06-30,15624.550000000003,93.0,168.00591397849465,0.0,
2017-07-01,13877.039999999995,77.0,180.22129870129865,0.0375,
2017-07-02,15081.820000000009,102.0,147.86098039215696,0.02857142857142857,
2017-07-03,18258.53,111.0,164.49126126126126,0.05128205128205128,
2017-07-04,18219.079999999998,120.0,151.82566666666665,0.024390243902439025,
2017-07-05,24927.049999999974,138.0,180.63079710144908,0.014285714285714285,
2017-07-06,25701.349999999988,140.0,183.58107142857133,0.05405405405405406,
2017-07-07,20237.76,114.0,177.52421052631578,0.02564102564102564,
2017-07-08,12665.76,83.0,152.59951807228916,0.0,
2017-07-09,10212.470000000001,88.0,116.05079545454547,0.022222222222222223,
2017-07-10,20989.06,140.0,149.92185714285716,0.0,
2017-07-11,23662.739999999998,158.0,149.76417721518985,0.024691358024691357,
2017-07-12,22784.010000000006,145.0,157.1311034482759,0.026845637583892617,
2017-07-13,21718.150000000012,131.0,165.78740458015275,0.043795620437956206,
2017-07-14,21840.969999999994,148.0,147.57412162162157,0.006711409395973154,
2017-07-15,13342.079999999998,97.0,137.54721649484534,0.01020408163265306,
2017-07-16,15177.790000000006,107.0,141.84850467289726,0.044642857142857144,
2017-07-17,25678.98999999998,162.0,158.51228395061716,0.006134969325153374,
2017-07-18,35168.489999999976,188.0,187.06643617021263,0.010526315789473684,
2017-07-19,20942.35000000001,148.0,141.50236486486492,0.013333333333333334,
2017-07-20,23965.849999999995,139.0,172.41618705035967,0.014184397163120567,
2017-07-21,15979.969999999996,112.0,142.67830357142853,0.017543859649122806,
2017-07-22,13407.280000000004,87.0,154.1066666666667,0.011363636363636364,
2017-07-23,14672.290000000006,101.0,145.27019801980205,0.028846153846153848,
2017-07-24,21905.879999999994,157.0,139.52789808917194,0.024844720496894408,
2017-07-25,21227.800000000003,145.0,146.3986206896552,0.039735099337748346,
2017-07-26,13933.159999999998,117.0,119.08683760683759,0.04878048780487805,
2017-07-27,19271.450000000004,121.0,159.26818181818186,0.016260162601626018,
2017-07-28,22709.020000000008,130.0,174.6847692307693,0.015151515151515152,
2017-07-29,19163.029999999988,109.0,175.80761467889897,0.05217391304347826,
2017-07-30,19188.05000000001,114.0,168.31622807017553,0.02564102564102564,
2017-07-31,20993.41999999999,143.0,146.8071328671328,0.027210884353741496,
2017-08-01,26812.919999999987,161.0,166.53987577639742,0.024242424242424242,
2017-08-02,21232.32999999999,149.0,142.49885906040262,0.03870967741935484,
2017-08-03,22546.340000000007,144.0,156.5718055555556,0.0136986301369863,
2017-08-04,21299.280000000002,139.0,153.23223021582734,0.014184397163120567,
2017-08-05,15688.849999999999,113.0,138.83938053097344,0.017391304347826087,
2017-08-06,15390.330000000007,105.0,146.5745714285715,0.027777777777777776,
2017-08-07,28609.63,157.0,182.22694267515925,0.0,
2017-08-08,25419.480000000032,146.0,174.1060273972605,0.0,
2017-08-09,24433.24,140.0,174.52314285714286,0.014084507042253521,
2017-08-10,24106.149999999998,154.0,156.53344155844155,0.0064516129032258064,
2017-08-11,23551.32999999998,133.0,177.0776691729322,0.036231884057971016,
2017-08-12,14838.429999999998,91.0,163.05967032967033,0.061855670103092786,
2017-08-13,14647.58,90.0,162.75088888888888,0.021739130434782608,
2017-08-14,21928.459999999985,153.0,143.3232679738561,0.019230769230769232,
2017-08-15,29024.82,186.0,156.0474193548387,0.03626943005181347,
2017-08-16,24685.319999999985,166.0,148.70674698795173,0.04046242774566474,
2017-08-17,21632.04999999998,153.0,141.3859477124182,0.012903225806451613,
2017-08-18,20321.25,141.0,144.12234042553192,0.03424657534246575,
2017-08-19,15294.630000000005,106.0,144.288962264151,0.018518518518518517,
2017-08-20,15279.990000000007,103.0,148.34941747572822,0.0,
2017-08-21,26109.48,172.0,151.79930232558138,0.02824858757062147,
2017-08-22,20264.44999999999,135.0,150.10703703703697,0.007352941176470588,
2017-08-23,19345.47999999999,111.0,174.2836036036035,0.0,
2017-08-24,15934.339999999995,123.0,129.5474796747967,0.023809523809523808,
2017-08-25,16741.450000000004,117.0,143.08931623931628,0.04878048780487805,
2017-08-26,12443.140000000001,89.0,139.81056179775283,0.043010752688172046,
2017-08-27,15889.360000000002,115.0,138.16834782608697,0.025423728813559324,
2017-08-28,27146.32999999999,150.0,180.97553333333326,0.03225806451612903,
2017-08-29,36698.89999999999,135.0,271.8437037037036,0.014598540145985401,
2017-08-30,34641.0,173.0,200.23699421965318,0.028089887640449437,
2017-08-31,23311.199999999986,143.0,163.0153846153845,0.033783783783783786,
2017-09-01,34372.01999999998,153.0,224.65372549019597,0.03164556962025317,
2017-09-02,22634.820000000003,102.0,221.91000000000003,0.019230769230769232,
2017-09-03,31310.180000000004,123.0,254.55430894308947,0.016,
2017-09-04,29857.119999999995,147.0,203.10965986394555,0.006756756756756757,
2017-09-05,27381.759999999987,151.0,181.33615894039727,0.01948051948051948,
2017-09-06,35995.18000000002,138.0,260.83463768115956,0.014285714285714285,
2017-09-07,20958.38999999999,97.0,216.06587628865967,0.0,
2017-09-08,14052.139999999998,111.0,126.59585585585583,0.034782608695652174,
2017-09-09,17215.04999999999,103.0,167.13640776699017,0.02830188679245283,
2017-09-10,22328.08000000001,132.0,169.15212121212127,0.022222222222222223,
2017-09-11,28034.16,176.0,159.285,0.011235955056179775,
2017-09-12,32275.889999999952,200.0,161.37944999999976,0.0196078431372549,
2017-09-13,33951.12999999996,203.0,167.2469458128077,0.00975609756097561,
2017-09-14,26567.459999999977,163.0,162.99055214723913,0.018072289156626505,
2017-09-15,21485.16999999999,144.0,149.20256944444438,0.04,
2017-09-16,22209.960000000003,125.0,177.67968000000002,0.031007751937984496,
2017-09-17,23623.17,125.0,188.98536,0.0,
2017-09-18,31948.73999999998,179.0,178.48458100558648,0.02185792349726776,
2017-09-19,24190.260000000006,149.0,162.3507382550336,0.026143790849673203,
2017-09-20,26505.549999999977,158.0,167.7566455696201,0.018633540372670808,
2017-09-21,21771.87,144.0,151.19354166666665,0.04,
2017-09-22,19502.77,133.0,146.63736842105263,0.022058823529411766,
2017-09-23,15327.46000000003,81.0,189.22790123456826,0.047058823529411764,
2017-09-24,16385.059999999994,112.0,146.29517857142852,0.008849557522123894,
2017-09-25,20659.789999999994,129.0,160.15341085271314,0.03007518796992481,
2017-09-26,25405.280000000006,174.0,146.00735632183913,0.027932960893854747,
2017-09-27,25523.780000000006,144.0,177.24847222222226,0.0,
2017-09-28,27049.93999999999,140.0,193.21385714285708,0.014084507042253521,
2017-09-29,31147.529999999977,109.0,285.7571559633025,0.0603448275862069,
2017-09-30,13854.980000000005,105.0,131.95219047619054,0.03669724770642202,
2017-10-01,21595.860000000015,124.0,174.1601612903227,0.03125,
2017-10-02,26463.689999999995,140.0,189.0263571428571,0.014084507042253521,
2017-10-03,30422.39,193.0,157.62896373056995,0.025252525252525252,
2017-10-04,25352.589999999997,156.0,162.51660256410256,0.006369426751592357,
2017-10-05,28678.98999999998,138.0,207.81876811594188,0.014285714285714285,
2017-10-06,20648.619999999995,124.0,166.52112903225802,0.015873015873015872,
2017-10-07,17329.830000000005,100.0,173.29830000000004,0.02912621359223301,
2017-10-08,20023.310000000023,124.0,161.4783064516131,0.0,
2017-10-09,34555.00999999998,187.0,184.7861497326202,0.020942408376963352,
2017-10-10,32303.260000000002,175.0,184.59005714285715,0.027777777777777776,
2017-10-11,24037.14999999999,151.0,159.18642384105954,0.03205128205128205,
2017-10-12,22111.390000000007,136.0,162.58375000000004,0.02857142857142857,
2017-10-13,27256.109999999986,150.0,181.7073999999999,0.006622516556291391,
2017-10-14,17550.469999999998,114.0,153.95149122807015,0.017241379310344827,
2017-10-15,22112.349999999984,117.0,188.9944444444443,0.025,
2017-10-16,35851.42999999996,188.0,190.69909574468062,0.030927835051546393,
2017-10-17,35275.979999999974,195.0,180.9024615384614,0.01015228426395939,
2017-10-18,32041.31000000001,176.0,182.05289772727278,0.0,
2017-10-19,27959.21,172.0,162.5535465116279,0.017142857142857144,
2017-10-20,23166.01,118.0,196.32211864406779,0.016666666666666666,
2017-10-21,17625.829999999994,104.0,169.47913461538457,0.05454545454545454,
2017-10-22,23637.22999999999,152.0,155.50809210526307,0.03184713375796178,
2017-10-23,27692.159999999978,152.0,182.18526315789458,0.0379746835443038,
2017-10-24,26397.84999999999,162.0,162.94969135802464,0.012195121951219513,
2017-10-25,20832.699999999993,152.0,137.05723684210523,0.012987012987012988,
2017-10-26,27754.309999999998,140.0,198.2450714285714,0.02097902097902098,
2017-10-27,24430.5,130.0,187.9269230769231,0.007633587786259542,
2017-10-28,20333.860000000004,85.0,239.22188235294124,0.011627906976744186,
2017-10-29,20979.079999999998,129.0,162.62852713178293,0.007692307692307693,
2017-10-30,23984.869999999988,138.0,173.80340579710136,0.041666666666666664,
2017-10-31,26903.17,156.0,172.45621794871795,0.006369426751592357,
2017-11-01,22942.90000000001,108.0,212.43425925925933,0.009174311926605505,
2017-11-02,25527.16999999998,117.0,218.18094017094,0.03305785123966942,
2017-11-03,28040.140000000007,138.0,203.18942028985512,0.0,
2017-11-04,24436.510000000013,106.0,230.5331132075473,0.04504504504504504,
2017-11-05,19931.97,137.0,145.48883211678833,0.028368794326241134,
2017-11-06,32716.14999999998,182.0,179.75906593406583,0.042105263157894736,
2017-11-07,24489.869999999988,154.0,159.0251298701298,0.01910828025477707,
2017-11-08,23529.450000000023,169.0,139.22751479289954,0.028735632183908046,
2017-11-09,29379.08999999998,182.0,161.4235714285713,0.031914893617021274,
2017-11-10,23929.25000000001,159.0,150.49842767295604,0.03048780487804878,
2017-11-11,26440.46999999999,152.0,173.95046052631574,0.01935483870967742,
2017-11-12,26312.279999999995,170.0,154.7781176470588,0.011627906976744186,
2017-11-13,28707.259999999987,197.0,145.72213197969538,0.024752475247524754,
2017-11-14,31378.07999999999,184.0,170.53304347826082,0.026455026455026454,
2017-11-15,27320.01,176.0,155.22732954545452,0.04864864864864865,
2017-11-16,34303.29999999999,219.0,156.63607305936068,0.022321428571428572,
2017-11-17,34546.48000000001,185.0,186.73772972972978,0.021164021164021163,
2017-11-18,27022.79,141.0,191.65099290780142,0.03424657534246575,
2017-11-19,23674.399999999998,157.0,150.79235668789806,0.006329113924050633,
2017-11-20,49775.919999999984,219.0,227.28730593607298,0.030973451327433628,
2017-11-21,39011.86000000003,222.0,175.72909909909924,0.017699115044247787,
2017-11-22,29819.849999999988,190.0,156.94657894736835,0.04040404040404041,
2017-11-23,52491.94000000001,268.0,195.86544776119408,0.032490974729241874,
2017-11-24,178640.33999999973,1147.0,155.74571926765452,0.016295025728987993,
2017-11-25,74336.81999999999,487.0,152.64234086242297,0.02208835341365462,
2017-11-26,55081.559999999954,382.0,144.19256544502605,0.015463917525773196,
2017-11-27,57838.599999999984,395.0,146.42683544303793,0.0125,
2017-11-28,57964.68999999994,372.0,155.81905913978477,0.010638297872340425,
2017-11-29,48170.089999999975,314.0,153.40792993630566,0.01567398119122257,
2017-11-30,37114.47999999996,260.0,142.74799999999985,0.015151515151515152,
2017-12-01,46612.069999999985,267.0,174.5770411985018,0.025547445255474453,
2017-12-02,35806.39999999999,212.0,168.8981132075471,0.009345794392523364,
2017-12-03,34400.709999999985,227.0,151.54497797356822,0.017316017316017316,
2017-12-04,52682.319999999985,322.0,163.60968944099375,0.027190332326283987,
2017-12-05,39625.46999999997,269.0,147.30657992565045,0.02181818181818182,
2017-12-06,47300.68000000002,269.0,175.83895910780677,0.014652014652014652,
2017-12-07,34795.79,223.0,156.03493273542603,0.01327433628318584,
2017-12-08,34641.4,210.0,164.95904761904762,0.023255813953488372,
2017-12-09,23944.16999999999,154.0,155.4816233766233,0.0064516129032258064,
2017-12-10,29407.330000000016,184.0,159.822445652174,0.016042780748663103,
2017-12-11,38796.36999999999,262.0,148.077748091603,0.018726591760299626,
2017-12-12,38636.11999999998,251.0,153.92876494023898,0.027131782945736434,
2017-12-13,34801.26000000001,215.0,161.8663255813954,0.013761467889908258,
2017-12-14,29328.930000000004,195.0,150.40476923076926,0.020100502512562814,
2017-12-15,31310.129999999994,185.0,169.2439459459459,0.036458333333333336,
2017-12-16,23407.21,129.0,181.4512403100775,0.015267175572519083,
2017-12-17,26615.94000000001,130.0,204.73800000000008,0.022556390977443608,
2017-12-18,34381.379999999976,205.0,167.71404878048767,0.014423076923076924,
2017-12-19,24659.549999999985,173.0,142.5407514450866,0.005747126436781609,
2017-12-20,32555.920000000006,168.0,193.78523809523813,0.017543859649122806,
2017-12-21,21370.050000000007,140.0,152.64321428571432,0.02097902097902098,
2017-12-22,16485.239999999998,108.0,152.6411111111111,0.01818181818181818,
2017-12-23,14391.860000000002,101.0,142.49366336633665,0.056074766355140186,
2017-12-24,6926.480000000005,57.0,121.51719298245622,0.03389830508474576,
2017-12-25,12270.130000000001,86.0,142.67593023255816,0.044444444444444446,
2017-12-26,24595.10000000001,165.0,149.06121212121218,0.017857142857142856,
2017-12-27,20847.020000000004,164.0,127.11597560975612,0.012048192771084338,
2017-12-28,17776.020000000004,143.0,124.3078321678322,0.02054794520547945,
2017-12-29,20011.960000000003,132.0,151.6057575757576,0.007518796992481203,
2017-12-30,15380.63,96.0,160.21489583333332,0.0,
2017-12-31,10304.109999999997,71.0,145.12830985915488,0.04054054054054054,
2018-01-01,8934.07,72.0,124.08430555555555,0.0136986301369863,
2018-01-02,30704.190000000013,200.0,153.52095000000006,0.014778325123152709,
2018-01-03,37008.56000000001,219.0,168.98885844748864,0.013513513513513514,
2018-01-04,40548.63999999997,248.0,163.50258064516117,0.027450980392156862,
2018-01-05,31014.239999999998,197.0,157.43269035532995,0.05741626794258373,
2018-01-06,34484.079999999994,213.0,161.89708920187792,0.009302325581395349,
2018-01-07,33595.27999999999,192.0,174.97541666666663,0.015384615384615385,
2018-01-08,44417.43,287.0,154.7645644599303,0.017123287671232876,
2018-01-09,35510.59,246.0,144.3519918699187,0.0199203187250996,
2018-01-10,44394.9,271.0,163.8188191881919,0.021660649819494584,
2018-01-11,48040.68999999998,260.0,184.77188461538455,0.015151515151515152,
2018-01-12,38545.130000000005,234.0,164.7227777777778,0.02092050209205021,
2018-01-13,35779.909999999996,211.0,169.57303317535542,0.023148148148148147,
2018-01-14,35400.859999999986,229.0,154.58890829694317,0.01293103448275862,
2018-01-15,49062.74000000003,300.0,163.54246666666677,0.01639344262295082,
2018-01-16,50010.97000000004,296.0,168.95597972972985,0.016611295681063124,
2018-01-17,44048.529999999984,277.0,159.0199638989169,0.01773049645390071,
2018-01-18,33465.94000000002,236.0,141.80483050847465,0.008403361344537815,
2018-01-19,32720.639999999992,225.0,145.42506666666662,0.03017241379310345,
2018-01-20,26659.090000000004,182.0,146.4785164835165,0.010869565217391304,
2018-01-21,26969.659999999993,188.0,143.4556382978723,0.030927835051546393,
2018-01-22,44428.849999999984,305.0,145.66836065573764,0.016129032258064516,
2018-01-23,42239.03000000003,256.0,164.9962109375001,0.022900763358778626,
2018-01-24,37978.27999999999,236.0,160.92491525423725,0.02880658436213992,
2018-01-25,34216.039999999986,226.0,151.39840707964595,0.02586206896551724,
2018-01-26,39321.10999999998,223.0,176.3278475336322,0.021929824561403508,
2018-01-27,25896.92000000001,150.0,172.64613333333338,0.0196078431372549,
2018-01-28,25992.650000000005,149.0,174.44731543624164,0.03870967741935484,
2018-01-29,36886.43999999999,242.0,152.42330578512392,0.016260162601626018,
2018-01-30,34412.55999999998,248.0,138.7603225806451,0.03501945525291829,
2018-01-31,38242.459999999985,251.0,152.36039840637443,0.01568627450980392,
2018-02-01,36452.259999999995,227.0,160.58264317180615,0.021551724137931036,
2018-02-02,32431.369999999995,207.0,156.67328502415458,0.02358490566037736,
2018-02-03,28133.929999999997,189.0,148.85677248677246,0.02072538860103627,
2018-02-04,28248.67000000002,197.0,143.39426395939097,0.01990049751243781,
2018-02-05,42761.830000000016,265.0,161.36539622641516,0.02214022140221402,
2018-02-06,40305.70999999999,262.0,153.83858778625952,0.018726591760299626,
2018-02-07,38823.14999999996,242.0,160.4262396694213,0.016260162601626018,
2018-02-08,32607.03999999997,225.0,144.92017777777764,0.017467248908296942,
2018-02-09,35129.10999999997,208.0,168.88995192307678,0.014218009478672985,
2018-02-10,24921.129999999983,174.0,143.22488505747117,0.011363636363636364,
2018-02-11,26521.170000000006,165.0,160.73436363636367,0.029411764705882353,
2018-02-12,28620.909999999993,214.0,133.7425700934579,0.004651162790697674,
2018-02-13,27490.61999999998,217.0,126.68488479262663,0.02252252252252252,
2018-02-14,53205.749999999935,287.0,185.38588850174193,0.023809523809523808,
2018-02-15,37850.06999999995,270.0,140.18544444444424,0.03914590747330961,
2018-02-16,32059.250000000004,210.0,152.66309523809525,0.009433962264150943,
2018-02-17,29049.530000000006,198.0,146.71479797979802,0.019801980198019802,
2018-02-18,29633.479999999956,199.0,148.91195979899476,0.01485148514851485,
2018-02-19,33507.11999999998,251.0,133.4945019920318,0.03088803088803089,
2018-02-20,44611.829999999994,283.0,157.63897526501765,0.017361111111111112,
2018-02-21,39425.79000000001,260.0,151.63765384615388,0.018867924528301886,
2018-02-22,36506.860000000015,268.0,136.2196268656717,0.03597122302158273,
2018-02-23,33916.580000000016,232.0,146.19215517241386,0.01276595744680851,
2018-02-24,29702.66000000001,188.0,157.99287234042558,0.010526315789473684,
2018-02-25,33935.82999999998,231.0,146.90835497835488,0.02531645569620253,
2018-02-26,49939.63000000002,290.0,172.20562068965523,0.02027027027027027,
2018-02-27,47329.26999999999,293.0,161.53334470989756,0.016778523489932886,
2018-02-28,52377.15999999997,303.0,172.86191419141903,0.028846153846153848,
2018-03-01,46126.52999999998,268.0,172.11391791044767,0.025454545454545455,
2018-03-02,38080.809999999976,262.0,145.34660305343502,0.011320754716981131,
2018-03-03,31501.869999999988,205.0,153.66765853658532,0.0330188679245283,
2018-03-04,35896.90999999999,228.0,157.4425877192982,0.029787234042553193,
2018-03-05,45649.450000000055,252.0,181.14861111111134,0.03816793893129771,
2018-03-06,46280.00999999997,268.0,172.68660447761184,0.01107011070110701,
2018-03-07,42996.549999999974,254.0,169.2777559055117,0.015503875968992248,
2018-03-08,34181.22,227.0,150.5780616740088,0.029914529914529916,
2018-03-09,33801.16,197.0,171.5794923857868,0.029556650246305417,
2018-03-10,30398.360000000004,185.0,164.31545945945948,0.036458333333333336,
2018-03-11,36732.84000000001,215.0,170.85041860465122,0.013761467889908258,
2018-03-12,35694.140000000014,228.0,156.55324561403515,0.017241379310344827,
2018-03-13,42159.23999999995,217.0,194.28221198156658,0.04405286343612335,
2018-03-14,27842.730000000007,195.0,142.7832307692308,0.015151515151515152,
2018-03-15,50140.09000000001,272.0,184.33856617647064,0.04895104895104895,
2018-03-16,41479.150000000016,242.0,171.4014462809918,0.03968253968253968,
2018-03-17,23958.68,176.0,136.12886363636363,0.022222222222222223,
2018-03-18,37697.79000000002,211.0,178.66251184834135,0.018604651162790697,
2018-03-19,52052.20000000005,293.0,177.6525597269626,0.029801324503311258,
2018-03-20,45755.700000000055,397.1582786138691,156.69760273972622,0.016835016835016835,Orders spike (simulated promo)
2018-03-21,48391.68000000001,377.467241756945,174.6992057761733,0.028070175438596492,Orders spike (simulated promo)
2018-03-22,36793.28000000001,329.59159521334016,147.76417670682736,0.01968503937007874,Orders spike (simulated promo)
2018-03-23,31681.96999999999,209.0,151.5883732057416,0.045662100456621,
2018-03-24,27684.799999999996,163.0,169.8453987730061,0.012121212121212121,
2018-03-25,32423.040000000015,188.0,172.46297872340435,0.010526315789473684,
2018-03-26,47843.250000000015,266.0,179.8618421052632,0.01845018450184502,
2018-03-27,43463.53999999995,239.0,181.8558158995814,0.024489795918367346,
2018-03-28,32307.91999999999,210.0,153.84723809523805,0.0410958904109589,
2018-03-29,33574.78000000002,188.0,178.58925531914903,0.030927835051546393,
2018-03-30,26981.420000000013,163.0,165.53018404907982,0.012121212121212121,
2018-03-31,28958.460000000017,164.0,176.5759756097562,0.017964071856287425,
2018-04-01,34921.350000000006,201.0,173.73805970149257,0.028985507246376812,
2018-04-02,48394.17,274.0,176.62105839416057,0.02491103202846975,
2018-04-03,42193.35000000001,243.0,173.63518518518524,0.012195121951219513,
2018-04-04,43075.79999999999,252.0,170.93571428571423,0.019455252918287938,
2018-04-05,47843.07000000002,261.0,183.3067816091955,0.018796992481203006,
2018-04-06,31684.94999999999,181.0,175.05497237569054,0.042328042328042326,
2018-04-07,28508.949999999986,161.0,177.07422360248438,0.018292682926829267,
2018-04-08,28635.149999999998,183.0,156.4762295081967,0.010810810810810811,
2018-04-09,55894.93000000006,250.0,223.57972000000024,0.011857707509881422,
2018-04-10,32075.320000000018,196.0,163.64959183673477,0.024875621890547265,
2018-04-11,46710.81000000001,262.0,178.2855343511451,0.043795620437956206,
2018-04-12,40246.36000000004,253.0,159.07652173913058,0.00784313725490196,
2018-04-13,35083.65,197.0,178.08959390862944,0.024752475247524754,
2018-04-14,22642.960000000003,145.0,156.15834482758623,0.00684931506849315,
2018-04-15,37241.75999999997,219.0,170.05369863013686,0.017937219730941704,
2018-04-16,48878.92000000009,276.0,177.0975362318844,0.014285714285714285,
2018-04-17,41256.95000000002,258.0,159.91065891472874,0.026415094339622643,
2018-04-18,47594.85999999997,271.0,175.62678966789656,0.03214285714285714,
2018-04-19,51041.61000000009,287.0,177.84533101045326,0.017123287671232876,
2018-04-20,32372.22000000002,192.0,168.6053125000001,0.02040816326530612,
2018-04-21,23308.980000000014,154.0,151.3570129870131,0.01282051282051282,
2018-04-22,32618.890000000003,199.0,163.91402010050254,0.005,
2018-04-23,45639.92000000001,283.0,161.2718021201414,0.007017543859649123,
2018-04-24,49877.130000000005,265.0,188.2155849056604,0.02214022140221402,
2018-04-25,47331.12000000002,279.0,169.64559139784953,0.017605633802816902,
2018-04-26,38568.81000000002,250.0,154.27524000000008,0.015748031496062992,
2018-04-27,45928.69999999999,237.0,193.79198312236284,0.02066115702479339,
2018-04-28,26803.699999999997,166.0,161.4680722891566,0.01775147928994083,
2018-04-29,23902.599999999995,168.0,142.27738095238092,0.017543859649122806,
2018-04-30,41337.32000000002,235.0,175.9034893617022,0.020833333333333332,
2018-05-01,39549.439999999995,252.0,156.9422222222222,0.011764705882352941,
2018-05-02,45505.95999999999,287.0,158.5573519163763,0.02711864406779661,
2018-05-03,50971.47999999998,300.0,169.90493333333328,0.013157894736842105,
2018-05-04,45339.98999999999,262.0,173.05339694656485,0.011320754716981131,
2018-05-05,32388.41999999999,192.0,168.68968749999996,0.025380710659898477,
2018-05-06,32876.13,206.0,159.5928640776699,0.01904761904761905,
2018-05-07,61763.370000000046,363.0,170.14702479338857,0.0215633423180593,
2018-05-08,54239.77000000004,323.0,167.92498452012396,0.012232415902140673,
2018-05-09,51333.47,335.0,153.23423880597016,0.02046783625730994,
2018-05-10,66022.32000000002,273.0,241.8400000000001,0.021505376344086023,
2018-05-11,44905.56999999998,244.0,184.03922131147533,0.008130081300813009,
2018-05-12,36872.07000000001,200.0,184.36035000000004,0.0196078431372549,
2018-05-13,36517.07,205.0,178.1320487804878,0.0048543689320388345,
2018-05-14,62519.53,355.0,176.11135211267606,0.024725274725274724,
2018-05-15,50879.75999999998,348.0,146.20620689655166,0.011363636363636364,
2018-05-16,65624.52999999996,351.0,186.9644729344728,0.01680672268907563,
2018-05-17,35597.98000000002,224.0,158.91955357142865,0.013215859030837005,
2018-05-18,36167.08999999998,232.0,155.89262931034474,0.01694915254237288,
2018-05-19,28944.60999999999,137.0,211.2745255474452,0.014388489208633094,
2018-05-20,23234.779999999995,158.0,147.05556962025312,0.018633540372670808,
2018-05-21,29026.200000000008,199.0,145.86030150753774,0.024509803921568627,
2018-05-22,33204.91999999997,195.0,170.28164102564088,0.020100502512562814,
2018-05-23,21444.750000000004,132.0,162.4602272727273,0.0,
2018-05-24,22837.660000000003,113.0,202.103185840708,0.008771929824561403,
2018-05-25,18251.469999999998,103.0,177.19873786407766,0.0,
2018-05-26,16914.090000000004,99.0,170.849393939394,0.0,
2018-05-27,15383.36999999999,100.0,153.8336999999999,0.0,
2018-05-28,30637.319999999996,142.0,215.7557746478873,0.006993006993006993,
2018-05-29,31150.95000000003,149.0,209.06677852349014,0.0,
2018-05-30,22902.02,138.0,165.95666666666668,0.014285714285714285,
2018-05-31,27951.210000000006,132.0,211.75159090909096,0.007518796992481203,
2018-06-01,22729.700870933368,184.0,205.2595108695652,0.0,Revenue shock (simulated outage)
2018-06-02,17421.182452379388,141.0,208.08822695035468,0.007042253521126761,Revenue shock (simulated outage)
2018-06-03,35598.31999999995,189.0,188.3508994708992,0.010471204188481676,
2018-06-04,34867.32000000001,222.0,157.06000000000003,0.013333333333333334,
2018-06-05,40210.64,196.0,205.15632653061223,0.005076142131979695,
2018-06-06,32989.51,227.0,145.32823788546256,0.0,
2018-06-07,45243.35,223.0,202.88497757847534,0.0,
2018-06-08,31648.330000000027,195.0,162.29912820512834,0.015151515151515152,
2018-06-09,34171.969999999994,169.0,202.20100591715973,0.01744186046511628,
2018-06-10,31720.16000000001,190.0,166.94821052631585,0.015544041450777202,
2018-06-11,58887.36000000002,294.0,200.29714285714294,0.0,
2018-06-12,48726.699999999975,244.0,199.69959016393432,0.008130081300813009,
2018-06-13,43394.25000000001,253.0,171.51877470355734,0.023166023166023165,
2018-06-14,33232.78999999999,211.0,157.50137440758292,0.0047169811320754715,
2018-06-15,33584.76,182.0,184.53164835164836,0.021505376344086023,
2018-06-16,29069.509999999995,162.0,179.4414197530864,0.01818181818181818,
2018-06-17,22232.15000000001,151.0,147.2327814569537,0.006578947368421052,
2018-06-18,41302.41999999999,243.0,169.9688065843621,0.012195121951219513,
2018-06-19,40997.740000000005,228.0,179.81464912280705,0.012987012987012988,
2018-06-20,37353.21,216.0,172.93152777777777,0.004608294930875576,
2018-06-21,34410.05,232.0,148.31918103448277,0.008547008547008548,
2018-06-22,29355.51000000001,177.0,165.8503389830509,0.0111731843575419,
2018-06-23,22592.820000000003,149.0,151.62966442953024,0.013245033112582781,
2018-06-24,29783.16,198.0,150.42,0.005025125628140704,
2018-06-25,42356.35,238.0,177.96785714285713,0.008333333333333333,
2018-06-26,45597.30000000002,238.0,191.58529411764712,0.01652892561983471,
2018-06-27,34232.450000000004,214.0,159.96471962616823,0.0,
2018-06-28,39874.15000000004,239.0,166.83744769874494,0.01646090534979424,
2018-06-29,24937.05999999999,171.0,145.83076023391808,0.017241379310344827,
2018-06-30,18521.79,123.0,150.58365853658538,0.008064516129032258,
2018-07-01,29027.639999999996,159.0,182.56377358490565,0.012422360248447204,
2018-07-02,30209.31000000001,193.0,156.5249222797928,0.010256410256410256,
2018-07-03,32322.039999999994,214.0,151.0375700934579,0.009259259259259259,
2018-07-04,42057.82000000002,251.0,167.5610358565738,0.01953125,
2018-07-05,33770.08,193.0,174.97450777202073,0.010256410256410256,
2018-07-06,22541.769999999997,120.0,187.8480833333333,0.008264462809917356,
2018-07-07,11023.579999999998,89.0,123.86044943820222,0.02197802197802198,
2018-07-08,17460.050000000003,118.0,147.96652542372883,0.03278688524590164,
2018-07-09,23531.130000000005,146.0,161.17212328767127,0.013513513513513514,
2018-07-10,22778.030000000002,129.0,176.57387596899227,0.022727272727272728,
2018-07-11,21628.459999999995,123.0,175.8411382113821,0.031496062992125984,
2018-07-12,25341.969999999976,117.0,216.59803418803398,0.03305785123966942,
2018-07-13,34040.749999999985,167.0,203.8368263473053,0.0,
2018-07-14,25955.249999999996,142.0,182.78345070422532,0.04054054054054054,
2018-07-15,35519.61,148.0,239.99736486486486,0.02631578947368421,
2018-07-16,36886.260000000024,238.0,154.98428571428582,0.02857142857142857,
2018-07-17,36232.24999999999,216.0,167.74189814814812,0.02262443438914027,
2018-07-18,53070.58000000004,302.0,175.7303973509935,0.009836065573770493,
2018-07-19,45198.02000000004,249.0,181.51815261044192,0.015810276679841896,
2018-07-20,38564.32999999999,247.0,156.13089068825906,0.008032128514056224,
2018-07-21,27100.359999999993,184.0,147.28456521739128,0.016042780748663103,
2018-07-22,31072.89,213.0,145.88211267605632,0.009302325581395349,
2018-07-23,48287.86000000006,298.0,162.0397986577183,0.022950819672131147,
2018-07-24,47200.15,264.0,178.78844696969696,0.022222222222222223,
2018-07-25,48064.97000000003,264.0,182.06428030303042,0.014925373134328358,
2018-07-26,44954.01999999999,244.0,184.23778688524587,0.012145748987854251,
2018-07-27,34395.04999999998,186.0,184.91962365591388,0.015873015873015872,
2018-07-28,31429.510000000006,172.0,182.7297093023256,0.017142857142857144,
2018-07-29,35101.25999999998,182.0,192.86406593406582,0.031914893617021274,
2018-07-30,45278.709999999985,278.0,162.87305755395678,0.02112676056338028,
2018-07-31,54048.38000000002,313.0,172.67853035143776,0.021875,
2018-08-01,52640.11000000002,306.0,172.02650326797394,0.012903225806451613,
2018-08-02,45265.89000000001,292.0,155.02017123287675,0.023411371237458192,
2018-08-03,52082.18999999995,308.0,169.09801948051933,0.01910828025477707,
2018-08-04,40659.60000000003,236.0,172.28644067796623,0.036734693877551024,
2018-08-05,41620.849999999984,269.0,154.72434944237912,0.025362318840579712,
2018-08-06,64899.58000000007,363.0,178.78672176308558,0.024193548387096774,
2018-08-07,57430.710000000014,353.0,162.6932294617564,0.03551912568306011,
2018-08-08,50835.55000000003,310.0,163.98564516129042,0.015873015873015872,
2018-08-09,48733.04999999999,280.0,174.0466071428571,0.01060070671378092,
2018-08-10,40086.659999999974,249.0,160.99060240963846,0.015810276679841896,
2018-08-11,31046.220000000005,185.0,167.81740540540542,0.005376344086021506,
2018-08-12,35745.230000000025,191.0,187.14780104712054,0.030456852791878174,
2018-08-13,45793.64000000001,284.0,161.24521126760567,0.013888888888888888,
2018-08-14,51769.230000000025,311.0,166.4605466237943,0.012698412698412698,
2018-08-15,53002.94000000008,282.0,187.9536879432627,0.010526315789473684,
2018-08-16,45774.25,316.0,144.85522151898735,0.006289308176100629,
2018-08-17,41893.979999999996,249.0,168.24891566265057,0.023529411764705882,
2018-08-18,29294.52999999999,193.0,151.7851295336787,0.015306122448979591,
2018-08-19,31323.469999999998,204.0,153.54642156862744,0.0,
2018-08-20,39746.78999999996,251.0,158.35374501992015,0.003968253968253968,
2018-08-21,31209.310000000005,238.0,131.13155462184875,0.0041841004184100415,
2018-08-22,24203.620000000024,185.0,130.8303783783785,0.005376344086021506,
2018-08-23,19540.560000000012,142.0,137.60957746478883,0.0,
2018-08-24,11960.020000000002,96.0,124.58354166666669,0.02040816326530612,
2018-08-25,11865.699999999997,69.0,171.9666666666666,0.0,
2018-08-26,9612.500000000002,73.0,131.67808219178085,0.0,
2018-08-27,6199.390000000002,66.0,93.93015151515155,0.0,
2018-08-28,4237.94,39.0,108.6651282051282,0.0,
2018-08-29,1762.7000000000003,11.0,160.24545454545458,0.0,
2018-09-03,0.0,0.0,,1.0,
